ID,Name,Age,Email,Extra,Email.1,city,gender,timestamp
1,john,null,25,john@example.com,"""""","""new york""","""male""",1577834400.0
2,jane,null,30,jane@example.com,null,"""los angeles""","""female""",1577910800.0
3,bob,bob,35,jane@example.com,extra info,"""chicago""","""male""",1577987200.0
5,null,null,mike,50,mike@example.com,"""new york""","""male""",1578140000.0
7,johnnie,john,25,john@example.com,more info,"""los angeles""","""male""",1578292800.0
8,samantha,30,null,null,null,"""chicago""","""female""",1578369200.0
9,bobbi,null,null,bob@example.com,null,"""new york""","""female""",1578445600.0
10,null,null,johnnie,45,johnnie@example.com,"""los angeles""","""male""",1578522000.0
11,"sammy"",20",null,null,null,"""chicago""","""male""",1578598400,null
13,samantha,30,null,null,null,"""los angeles""","""female""",1578751200.0
14,bobbi,null,45,johnnie@example.com,extra info,"""chicago""","""female""",1578827600.0
15,null,null,mike,50,johnnie@example.com,"""new york""","""male""",1578904000.0
16,null,null,null,42,null,null,null,1578980400.0
